Statistic,resample-0,resample-1,resample-2,resample-3,resample-4,resample-5,resample-6,resample-7,resample-8,resample-9,resample-10,resample-11,resample-12,resample-13,resample-14,resample-15,resample-16,resample-17,resample-18,resample-19,resample-20,resample-21,resample-22,resample-23,resample-24,resample-25,resample-26,resample-27,resample-28,resample-29
cov_EmpiricalCovariance,0.9,0.8,0.925,0.85,0.9,0.875,0.875,0.85,0.875,0.95,0.85,0.85,0.9,0.9,0.75,0.925,0.875,0.9,0.925,0.95,0.925,0.85,0.825,0.875,0.85,0.925,0.9,0.875,0.925,0.85
cov_EllipticEnvelope,0.85,0.85,0.875,0.85,0.925,0.925,0.85,0.85,0.925,0.925,0.875,0.8,0.9,0.875,0.85,0.925,0.8,0.675,0.875,0.875,0.875,0.9,0.9,0.925,0.85,0.9,0.875,0.775,0.875,0.75
cov_GraphicalLasso,0.9,0.8,0.925,0.875,0.9,0.875,0.85,0.85,0.875,0.925,0.85,0.85,0.925,0.875,0.75,0.925,0.85,0.9,0.925,0.95,0.925,0.825,0.8,0.875,0.85,0.925,0.9,0.875,0.85,0.85
cov_GraphicalLassoCV,0.875,0.775,0.925,0.9,0.85,0.8,0.85,0.75,0.875,0.8,0.675,0.775,0.825,0.875,0.75,0.85,0.75,0.75,0.825,0.875,0.875,0.825,0.8,0.775,0.85,0.925,0.725,0.825,0.825,0.85
cov_LedoitWolf,0.85,0.85,0.925,0.825,0.9,0.8,0.775,0.825,0.85,0.875,0.75,0.75,0.775,0.825,0.75,0.9,0.85,0.85,0.85,0.8,0.825,0.75,0.65,0.875,0.8,0.9,0.9,0.775,0.8,0.775
cov_MinCovDet,0.8,0.85,0.775,0.775,0.9,0.875,0.775,0.85,0.9,0.875,0.85,0.85,0.9,0.825,0.85,0.9,0.775,0.7,0.875,0.9,0.9,0.85,0.85,0.9,0.825,0.825,0.9,0.7,0.775,0.8
cov_OAS,0.9,0.825,0.925,0.9,0.875,0.875,0.875,0.85,0.9,0.925,0.85,0.8,0.9,0.9,0.775,0.925,0.875,0.875,0.925,0.925,0.875,0.775,0.8,0.875,0.85,0.925,0.9,0.85,0.9,0.85
cov_ShrunkCovariance,0.9,0.8,0.925,0.85,0.9,0.875,0.875,0.85,0.875,0.95,0.85,0.85,0.9,0.9,0.75,0.925,0.875,0.9,0.925,0.95,0.925,0.85,0.825,0.875,0.85,0.925,0.9,0.875,0.925,0.85
prec_EmpiricalCovariance,0.75,0.775,0.8,0.8,0.925,0.775,0.85,0.75,0.85,0.85,0.75,0.875,0.8,0.75,0.725,0.775,0.95,0.95,0.875,0.85,0.75,0.825,0.725,0.8,0.775,0.825,0.925,0.775,0.825,0.95
prec_EllipticEnvelope,0.725,0.45,0.55,0.7,0.6,0.675,0.65,0.6,0.575,0.7,0.55,0.5,0.675,0.625,0.575,0.575,0.575,0.4,0.725,0.525,0.55,0.575,0.45,0.65,0.5,0.6,0.675,0.65,0.55,0.575
prec_GraphicalLasso,0.85,0.8,0.825,0.825,0.825,0.85,0.825,0.75,0.875,0.875,0.725,0.8,0.85,0.775,0.775,0.775,0.9,0.925,0.9,0.875,0.75,0.775,0.75,0.8,0.825,0.9,0.875,0.775,0.875,0.9
prec_GraphicalLassoCV,0.75,0.6,0.725,0.75,0.825,0.75,0.775,0.7,0.725,0.7,0.625,0.675,0.725,0.65,0.75,0.825,0.7,0.7,0.7,0.8,0.725,0.65,0.725,0.825,0.7,0.85,0.85,0.75,0.725,0.8
prec_LedoitWolf,0.75,0.75,0.725,0.7,0.725,0.8,0.775,0.65,0.8,0.75,0.75,0.625,0.725,0.7,0.775,0.8,0.8,0.75,0.775,0.875,0.725,0.775,0.675,0.8,0.775,0.95,0.85,0.7,0.725,0.775
prec_MinCovDet,0.625,0.5,0.65,0.775,0.55,0.675,0.6,0.625,0.55,0.575,0.6,0.5,0.625,0.55,0.55,0.675,0.575,0.4,0.725,0.65,0.6,0.5,0.55,0.7,0.55,0.6,0.7,0.65,0.525,0.5
prec_OAS,0.8,0.85,0.825,0.825,0.775,0.875,0.825,0.7,0.85,0.9,0.725,0.775,0.85,0.775,0.8,0.825,0.9,0.9,0.825,0.875,0.75,0.825,0.775,0.875,0.825,0.95,0.875,0.8,0.875,0.85
prec_ShrunkCovariance,0.8,0.775,0.8,0.8,0.85,0.875,0.85,0.7,0.85,0.8,0.725,0.825,0.85,0.775,0.8,0.85,0.85,0.875,0.85,0.875,0.75,0.875,0.775,0.925,0.85,0.875,0.8,0.775,0.825,0.9
spearmanr,0.925,0.925,0.95,0.9,0.825,0.85,0.85,0.875,0.925,0.95,0.925,0.9,0.925,0.925,0.975,0.975,0.9,0.95,0.875,0.95,0.875,0.875,0.9,0.925,0.9,0.9,0.925,0.875,0.925,0.975
kendalltau,0.9,0.925,0.95,0.925,0.825,0.9,0.85,0.875,0.95,0.95,0.9,0.875,0.925,0.925,0.925,0.975,0.9,0.975,0.875,0.95,0.925,0.9,0.925,0.925,0.925,0.9,0.925,0.9,0.925,0.95
xcorr_max_sig-True,0.7,0.775,0.8,0.8,0.75,0.7,0.775,0.75,0.8,0.825,0.75,0.6,0.925,0.7,0.7,0.675,0.725,0.775,0.825,0.8,0.7,0.825,0.75,0.7,0.875,0.825,0.825,0.7,0.775,0.775
xcorr_mean_sig-True,0.725,0.625,0.7,0.75,0.875,0.75,0.75,0.7,0.65,0.775,0.775,0.8,0.85,0.75,0.75,0.725,0.775,0.75,0.8,0.725,0.8,0.775,0.65,0.8,0.725,0.8,0.65,0.775,0.725,0.85
xcorr_mean_sig-False,0.55,0.525,0.55,0.5,0.75,0.725,0.625,0.575,0.6,0.55,0.475,0.475,0.625,0.625,0.65,0.65,0.575,0.675,0.55,0.525,0.55,0.6,0.575,0.5,0.7,0.675,0.65,0.575,0.6,0.625
lmfit_Ridge,0.825,0.775,0.875,0.775,0.8,0.85,0.8,0.85,0.725,0.8,0.8,0.6,0.775,0.775,0.8,0.8,0.725,0.85,0.825,0.875,0.825,0.875,0.85,0.85,0.8,0.9,0.875,0.775,0.8,0.85
lmfit_SGDRegressor,0.825,0.75,0.875,0.775,0.8,0.85,0.8,0.85,0.725,0.8,0.8,0.6,0.775,0.775,0.8,0.8,0.725,0.85,0.825,0.875,0.825,0.875,0.85,0.85,0.8,0.9,0.875,0.775,0.8,0.85
lmfit_ElasticNet,0.425,0.425,0.575,0.55,0.575,0.45,0.6,0.45,0.7,0.6,0.425,0.55,0.675,0.475,0.475,0.575,0.725,0.5,0.775,0.6,0.625,0.725,0.55,0.65,0.55,0.65,0.575,0.55,0.675,0.7
lmfit_BayesianRidge,0.825,0.75,0.85,0.75,0.8,0.85,0.8,0.85,0.725,0.8,0.8,0.625,0.8,0.775,0.8,0.8,0.725,0.825,0.825,0.875,0.825,0.875,0.85,0.85,0.8,0.9,0.875,0.775,0.825,0.875
gpfit_DotProduct,0.825,0.775,0.875,0.775,0.8,0.85,0.8,0.85,0.725,0.8,0.8,0.6,0.775,0.775,0.8,0.8,0.725,0.85,0.825,0.875,0.825,0.875,0.85,0.85,0.8,0.9,0.875,0.775,0.8,0.85
gpfit_RBF,0.6,0.6,0.65,0.7,0.65,0.675,0.675,0.6,0.625,0.725,0.775,0.675,0.65,0.55,0.7,0.775,0.6,0.7,0.7,0.75,0.575,0.725,0.625,0.725,0.675,0.825,0.7,0.6,0.7,0.6
dcorr,0.8,0.8,0.775,0.75,0.8,0.925,0.775,0.75,0.85,0.8,0.725,0.725,0.8,0.75,0.7,0.825,0.8,0.775,0.825,0.825,0.8,0.85,0.825,0.85,0.85,0.875,0.8,0.75,0.775,0.8
dcorr_biased,0.8,0.825,0.775,0.725,0.8,0.875,0.75,0.7,0.85,0.825,0.75,0.65,0.825,0.725,0.7,0.775,0.85,0.725,0.875,0.85,0.775,0.85,0.775,0.85,0.85,0.875,0.85,0.825,0.8,0.85
mgc,0.6,0.6,0.65,0.675,0.55,0.6,0.55,0.6,0.65,0.625,0.525,0.6,0.6,0.55,0.6,0.525,0.65,0.625,0.575,0.675,0.525,0.45,0.525,0.75,0.6,0.575,0.55,0.75,0.625,0.6
hsic,0.725,0.85,0.7,0.8,0.65,0.85,0.85,0.725,0.85,0.8,0.625,0.675,0.775,0.675,0.725,0.8,0.725,0.725,0.8,0.8,0.7,0.875,0.65,0.725,0.775,0.85,0.65,0.675,0.825,0.75
hsic_biased,0.7,0.825,0.775,0.825,0.7,0.875,0.85,0.675,0.875,0.85,0.725,0.675,0.75,0.7,0.8,0.825,0.775,0.775,0.8,0.8,0.7,0.9,0.725,0.725,0.75,0.8,0.675,0.725,0.825,0.7
hhg,0.725,0.75,0.85,0.875,0.7,0.9,0.8,0.775,0.8,0.775,0.625,0.7,0.775,0.75,0.675,0.775,0.675,0.7,0.8,0.75,0.7,0.85,0.675,0.825,0.725,0.775,0.65,0.75,0.8,0.7
anm,0.625,0.775,0.65,0.625,0.65,0.7,0.7,0.675,0.55,0.8,0.625,0.7,0.7,0.7,0.7,0.675,0.675,0.575,0.65,0.625,0.6,0.675,0.725,0.65,0.7,0.65,0.725,0.7,0.625,0.7
cds,0.6,0.525,0.55,0.55,0.625,0.425,0.55,0.6,0.625,0.425,0.4,0.575,0.525,0.625,0.675,0.575,0.55,0.6,0.55,0.675,0.45,0.45,0.45,0.575,0.475,0.6,0.575,0.625,0.575,0.55
reci,0.8,0.725,0.775,0.7,0.85,0.85,0.85,0.825,0.825,0.825,0.7,0.775,0.825,0.725,0.9,0.9,0.775,0.875,0.825,0.85,0.775,0.9,0.625,0.875,0.8,0.875,0.775,0.675,0.825,0.875
igci,0.825,0.85,0.875,0.775,0.875,0.875,0.8,0.875,0.875,0.85,0.75,0.75,0.8,0.825,0.875,0.9,0.825,0.95,0.75,0.875,0.75,0.85,0.9,0.825,0.75,0.8,0.825,0.6,0.825,0.825
je_gaussian,0.8,0.725,0.825,0.8,0.825,0.8,0.8,0.825,0.775,0.875,0.725,0.575,0.85,0.75,0.725,0.775,0.7,0.825,0.825,0.85,0.7,0.825,0.775,0.8,0.75,0.85,0.8,0.775,0.775,0.875
je_kozachenko,0.675,0.575,0.625,0.575,0.625,0.575,0.525,0.625,0.65,0.575,0.65,0.55,0.625,0.55,0.625,0.65,0.425,0.5,0.5,0.6,0.55,0.6,0.375,0.525,0.6,0.7,0.5,0.65,0.6,0.6
je_kernel_W-0.5,0.8,0.825,0.75,0.8,0.825,0.85,0.8,0.675,0.8,0.825,0.85,0.725,0.925,0.7,0.7,0.8,0.775,0.75,0.9,0.7,0.85,0.875,0.65,0.8,0.825,0.9,0.8,0.725,0.725,0.85
ce_gaussian,0.8,0.725,0.825,0.8,0.825,0.8,0.8,0.825,0.775,0.875,0.725,0.575,0.85,0.75,0.725,0.775,0.7,0.825,0.825,0.85,0.7,0.825,0.775,0.8,0.75,0.85,0.8,0.775,0.775,0.875
ce_kozachenko,0.775,0.75,0.75,0.9,0.8,0.725,0.8,0.85,0.75,0.725,0.875,0.85,0.875,0.8,0.85,0.85,0.725,0.825,0.75,0.825,0.85,0.875,0.875,0.825,0.875,0.875,0.825,0.8,0.775,0.85
ce_kernel_W-0.5,0.75,0.8,0.775,0.8,0.75,0.825,0.75,0.675,0.75,0.775,0.775,0.7,0.85,0.7,0.7,0.75,0.75,0.8,0.925,0.75,0.775,0.875,0.675,0.775,0.85,0.85,0.775,0.75,0.75,0.875
cce_gaussian,,,,,,,,,,,,,,,,,,,,,,,,,,,,,,
cce_kozachenko,0.85,0.875,0.875,0.825,0.9,0.875,0.775,0.85,0.85,0.9,0.875,0.85,0.9,0.9,0.875,0.95,0.875,0.825,0.85,0.825,0.9,0.925,0.85,0.875,0.825,0.95,0.875,0.95,0.925,0.975
cce_kernel_W-0.5,0.8,0.775,0.825,0.825,0.875,0.85,0.775,0.825,0.825,0.825,0.75,0.75,0.875,0.75,0.825,0.85,0.8,0.75,0.8,0.775,0.825,0.85,0.75,0.825,0.85,0.825,0.875,0.725,0.9,0.85
di_gaussian,,,,,,,,,,,,,,,,,,,,,,,,,,,,,,
di_kozachenko,,,,,,,,,,,,,,,,,,,,,,,,,,,,,,
di_kernel_W-0.5,,,,,,,,,,,,,,,,,,,,,,,,,,,,,,
si_gaussian_k-1,0.875,0.825,0.925,0.85,0.925,0.925,0.85,0.85,0.825,0.825,0.85,0.8,0.9,0.775,0.775,0.925,0.9,0.85,0.875,0.925,0.9,0.875,0.8,0.9,0.95,0.975,0.925,0.875,0.875,0.875
si_kozachenko_k-1,0.625,0.725,0.6,0.625,0.575,0.725,0.6,0.7,0.65,0.7,0.7,0.725,0.65,0.675,0.725,0.625,0.775,0.65,0.6,0.675,0.6,0.725,0.65,0.625,0.7,0.55,0.625,0.65,0.6,0.625
si_kernel_W-0.5_k-1,0.725,0.8,0.75,0.825,0.775,0.85,0.825,0.825,0.75,0.875,0.8,0.75,0.925,0.85,0.825,0.9,0.775,0.8,0.875,0.825,0.875,0.875,0.65,0.85,0.85,0.9,0.825,0.775,0.85,0.775
mi_gaussian,0.8,0.725,0.825,0.8,0.825,0.8,0.8,0.825,0.775,0.875,0.725,0.575,0.85,0.75,0.725,0.775,0.7,0.825,0.825,0.85,0.7,0.825,0.775,0.8,0.75,0.85,0.8,0.775,0.775,0.875
mi_kraskov_NN-4,0.65,0.65,0.75,0.6,0.6,0.65,0.625,0.65,0.6,0.65,0.575,0.7,0.575,0.7,0.625,0.625,0.6,0.6,0.725,0.675,0.575,0.575,0.575,0.825,0.55,0.7,0.6,0.675,0.725,0.675
mi_kraskov_NN-4_DCE,0.875,0.825,0.825,0.75,0.825,0.825,0.725,0.8,0.775,0.775,0.75,0.775,0.825,0.75,0.875,0.825,0.725,0.75,0.675,0.7,0.75,0.825,0.675,0.85,0.75,0.875,0.775,0.8,0.85,0.825
mi_kernel_W-0.25,0.575,0.6,0.725,0.6,0.575,0.725,0.625,0.5,0.725,0.65,0.575,0.55,0.6,0.65,0.6,0.625,0.55,0.6,0.55,0.65,0.65,0.75,0.6,0.7,0.6,0.65,0.6,0.65,0.575,0.725
tlmi_gaussian,0.75,0.8,0.8,0.725,0.725,0.725,0.825,0.7,0.75,0.8,0.75,0.575,0.725,0.675,0.775,0.8,0.725,0.65,0.775,0.825,0.7,0.775,0.725,0.8,0.8,0.875,0.875,0.775,0.8,0.825
tlmi_kraskov_NN-4,0.525,0.575,0.55,0.525,0.5,0.55,0.575,0.575,0.575,0.525,0.45,0.475,0.65,0.475,0.575,0.45,0.6,0.475,0.625,0.625,0.55,0.575,0.6,0.55,0.6,0.625,0.475,0.7,0.525,0.55
tlmi_kraskov_NN-4_DCE,0.75,0.775,0.7,0.7,0.725,0.725,0.7,0.75,0.725,0.8,0.725,0.8,0.85,0.775,0.875,0.775,0.725,0.75,0.75,0.725,0.725,0.75,0.7,0.725,0.65,0.8,0.675,0.725,0.775,0.8
tlmi_kernel_W-0.25,0.65,0.6,0.65,0.65,0.725,0.475,0.525,0.625,0.75,0.6,0.6,0.675,0.75,0.65,0.675,0.675,0.6,0.525,0.625,0.7,0.725,0.7,0.65,0.675,0.65,0.525,0.725,0.675,0.675,0.7
te_kraskov_NN-4_k-max-10_tau-max-4,0.8,0.85,0.85,0.925,0.925,0.95,0.925,0.925,0.925,0.875,0.85,0.875,0.95,0.825,0.9,0.9,1.0,0.9,0.95,0.825,0.95,0.925,0.875,0.875,0.925,0.9,0.925,0.9,0.95,0.925
te_kraskov_NN-4_DCE_k-max-10_tau-max-4,0.825,0.775,0.825,0.85,0.875,0.9,0.9,0.85,0.925,0.8,0.825,0.9,0.9,0.85,0.875,0.875,0.875,0.85,0.9,0.775,0.95,0.9,0.85,0.775,0.825,0.875,0.95,0.95,0.925,0.925
te_kraskov_NN-4_DCE_k-2_kt-1_l-1_lt-1,0.825,0.775,0.825,0.825,0.875,0.9,0.875,0.875,0.925,0.8,0.85,0.925,0.9,0.875,0.825,0.85,0.875,0.85,0.85,0.825,0.925,0.9,0.8,0.8,0.825,0.9,0.95,0.95,0.95,0.925
te_kraskov_NN-4_DCE_k-1_kt-1_l-1_lt-1,0.825,0.775,0.825,0.825,0.875,0.9,0.9,0.875,0.9,0.8,0.825,0.925,0.925,0.875,0.85,0.85,0.875,0.875,0.875,0.8,0.925,0.9,0.775,0.775,0.825,0.9,0.95,0.95,0.95,0.925
te_kraskov_NN-4_k-1_kt-1_l-1_lt-1,0.8,0.875,0.85,0.95,0.925,0.95,0.9,0.925,0.925,0.875,0.825,0.875,0.95,0.85,0.875,0.925,0.95,0.9,0.95,0.85,0.95,0.95,0.875,0.875,0.9,0.9,0.95,0.95,0.95,0.925
te_kernel_W-0.25_k-1,0.675,0.65,0.725,0.75,0.775,0.725,0.825,0.675,0.7,0.725,0.775,0.725,0.825,0.8,0.775,0.825,0.675,0.725,0.85,0.85,0.75,0.775,0.675,0.75,0.85,0.75,0.725,0.825,0.775,0.825
gc_gaussian_k-max-10_tau-max-2,0.85,0.75,0.875,0.9,0.825,0.925,0.825,0.8,0.9,0.8,0.825,0.875,0.9,0.9,0.85,0.8,0.875,0.775,0.85,0.9,0.875,0.925,0.8,0.8,0.875,0.85,0.875,0.9,0.875,0.875
gc_gaussian_k-1_kt-1_l-1_lt-1,0.85,0.75,0.875,0.9,0.825,0.925,0.825,0.8,0.9,0.8,0.825,0.875,0.9,0.9,0.85,0.8,0.875,0.775,0.85,0.9,0.875,0.925,0.8,0.8,0.875,0.85,0.875,0.9,0.875,0.875
te_symbolic_k-1_kt-1_l-1_lt-1,0.85,0.75,0.875,0.9,0.825,0.925,0.825,0.8,0.9,0.8,0.825,0.875,0.9,0.9,0.85,0.8,0.875,0.775,0.85,0.9,0.875,0.925,0.8,0.8,0.875,0.85,0.875,0.9,0.875,0.875
te_symbolic_k-10_kt-1_l-1_lt-1,0.85,0.75,0.875,0.9,0.825,0.925,0.825,0.8,0.9,0.8,0.825,0.875,0.9,0.9,0.85,0.8,0.875,0.775,0.85,0.9,0.875,0.925,0.8,0.8,0.875,0.85,0.875,0.9,0.875,0.875
phi_star_t-1_norm-0,0.8,0.825,0.975,0.85,0.9,0.85,0.875,0.9,0.875,0.85,0.85,0.8,0.9,0.85,0.9,0.95,0.9,0.725,0.875,0.925,0.9,0.875,0.8,0.875,0.925,0.975,0.925,0.825,0.9,0.975
phi_star_t-1_norm-1,0.8,0.825,0.975,0.85,0.9,0.85,0.875,0.9,0.875,0.85,0.85,0.8,0.9,0.85,0.9,0.95,0.925,0.725,0.875,0.925,0.925,0.875,0.8,0.85,0.925,0.975,0.925,0.825,0.9,0.975
phi_Geo_t-1_norm-0,0.825,0.8,0.85,0.825,0.75,0.825,0.825,0.825,0.875,0.75,0.8,0.775,0.9,0.825,0.85,0.85,0.8,0.75,0.95,0.875,0.825,0.85,0.825,0.8,0.925,0.95,0.875,0.875,0.875,0.85
phi_Geo_t-1_norm-1,0.825,0.8,0.85,0.825,0.75,0.825,0.825,0.825,0.875,0.725,0.8,0.775,0.9,0.825,0.85,0.85,0.8,0.725,0.95,0.875,0.825,0.85,0.825,0.8,0.925,0.95,0.875,0.875,0.875,0.85
coint_johansen_max_eig_stat_order-0_ardiff-10,0.4,0.475,0.35,0.35,0.325,0.425,0.35,0.475,0.375,0.425,0.45,0.4,0.475,0.35,0.4,0.325,0.475,0.3,0.525,0.5,0.3,0.475,0.475,0.475,0.425,0.425,0.425,0.425,0.35,0.5
coint_johansen_trace_stat_order-0_ardiff-10,0.35,0.375,0.325,0.325,0.35,0.55,0.45,0.425,0.45,0.375,0.375,0.45,0.425,0.4,0.425,0.275,0.425,0.375,0.575,0.375,0.4,0.425,0.35,0.45,0.375,0.375,0.35,0.45,0.375,0.275
coint_johansen_max_eig_stat_order-0_ardiff-1,0.7,0.725,0.8,0.8,0.775,0.725,0.8,0.7,0.85,0.725,0.7,0.7,0.875,0.575,0.775,0.825,0.75,0.7,0.75,0.65,0.8,0.675,0.575,0.7,0.725,0.75,0.75,0.725,0.8,0.725
coint_johansen_trace_stat_order-0_ardiff-1,0.75,0.675,0.825,0.8,0.775,0.65,0.825,0.8,0.75,0.85,0.775,0.725,0.775,0.65,0.775,0.8,0.8,0.575,0.75,0.7,0.775,0.8,0.725,0.675,0.7,0.825,0.7,0.7,0.8,0.725
coint_johansen_max_eig_stat_order-1_ardiff-10,0.375,0.45,0.375,0.375,0.35,0.5,0.45,0.375,0.375,0.375,0.35,0.45,0.425,0.475,0.4,0.475,0.35,0.275,0.5,0.3,0.35,0.325,0.425,0.5,0.475,0.5,0.425,0.575,0.525,0.35
coint_johansen_trace_stat_order-1_ardiff-10,0.4,0.5,0.475,0.45,0.425,0.5,0.45,0.475,0.35,0.35,0.375,0.5,0.325,0.4,0.425,0.425,0.375,0.325,0.525,0.375,0.3,0.425,0.35,0.45,0.575,0.6,0.425,0.5,0.55,0.625
coint_johansen_max_eig_stat_order-1_ardiff-1,0.65,0.75,0.8,0.775,0.775,0.775,0.775,0.65,0.775,0.75,0.7,0.7,0.85,0.575,0.7,0.825,0.775,0.65,0.775,0.725,0.775,0.675,0.625,0.725,0.75,0.8,0.7,0.675,0.825,0.725
coint_johansen_trace_stat_order-1_ardiff-1,0.675,0.725,0.825,0.825,0.825,0.75,0.825,0.7,0.825,0.9,0.825,0.775,0.8,0.675,0.725,0.825,0.8,0.675,0.825,0.7,0.75,0.85,0.7,0.65,0.75,0.775,0.85,0.725,0.8,0.7
coint_aeg_tstat_trend-c_autolag-aic_maxlag-10,0.7,0.625,0.575,0.575,0.475,0.575,0.575,0.45,0.45,0.625,0.55,0.575,0.55,0.45,0.5,0.55,0.525,0.425,0.55,0.5,0.325,0.55,0.5,0.575,0.5,0.525,0.6,0.5,0.65,0.575
coint_aeg_tstat_trend-ct_autolag-aic_maxlag-10,0.45,0.525,0.425,0.525,0.5,0.425,0.525,0.55,0.45,0.5,0.55,0.525,0.5,0.375,0.525,0.525,0.475,0.375,0.5,0.5,0.375,0.4,0.5,0.4,0.575,0.475,0.55,0.45,0.475,0.45
coint_aeg_tstat_trend-ct_autolag-bic_maxlag-10,0.525,0.525,0.375,0.55,0.35,0.475,0.575,0.5,0.55,0.325,0.425,0.45,0.575,0.2,0.45,0.425,0.475,0.35,0.525,0.5,0.575,0.55,0.475,0.6,0.475,0.575,0.55,0.475,0.625,0.525
ccm_E-None_mean,0.9,0.875,0.875,0.9,0.85,0.95,0.825,0.85,0.875,0.925,0.775,0.85,0.95,0.75,0.85,0.95,0.85,0.875,0.875,0.9,0.825,0.925,0.825,0.9,0.925,0.9,0.875,0.85,0.95,0.825
ccm_E-None_max,0.875,0.875,0.875,0.9,0.875,0.95,0.825,0.875,0.85,0.925,0.75,0.85,0.925,0.725,0.85,0.925,0.85,0.85,0.9,0.875,0.8,0.9,0.825,0.9,0.95,0.875,0.875,0.85,0.95,0.875
ccm_E-1_mean,0.875,0.775,0.875,0.875,0.825,0.825,0.8,0.85,0.875,0.775,0.775,0.725,0.825,0.825,0.775,0.85,0.75,0.8,0.8,0.775,0.775,0.8,0.775,0.875,0.75,0.9,0.8,0.9,0.775,0.8
ccm_E-1_max,0.825,0.625,0.7,0.7,0.75,0.75,0.725,0.775,0.75,0.675,0.725,0.675,0.75,0.675,0.55,0.75,0.6,0.8,0.7,0.8,0.675,0.7,0.725,0.775,0.675,0.825,0.7,0.825,0.675,0.775
ccm_E-10_mean,0.9,0.875,0.875,0.9,0.85,0.95,0.825,0.85,0.875,0.925,0.775,0.85,0.95,0.75,0.85,0.95,0.85,0.875,0.875,0.9,0.825,0.925,0.825,0.9,0.925,0.9,0.875,0.85,0.95,0.825
ccm_E-10_max,0.875,0.875,0.875,0.875,0.875,0.95,0.825,0.85,0.85,0.925,0.75,0.85,0.925,0.725,0.85,0.925,0.85,0.875,0.9,0.9,0.825,0.9,0.825,0.9,0.925,0.875,0.875,0.85,0.95,0.875
mgcx_maxlag-1,0.625,0.525,0.6,0.725,0.65,0.55,0.525,0.625,0.675,0.65,0.525,0.675,0.75,0.475,0.6,0.6,0.575,0.6,0.85,0.7,0.575,0.55,0.625,0.6,0.6,0.65,0.55,0.775,0.75,0.6
mgcx_maxlag-10,0.825,0.775,0.75,0.8,0.8,0.8,0.825,0.75,0.8,0.825,0.675,0.65,0.875,0.775,0.825,0.75,0.8,0.75,0.825,0.85,0.775,0.875,0.75,0.775,0.75,0.875,0.725,0.85,0.75,0.725
dcorrx_maxlag-1,0.9,0.8,0.925,0.875,0.8,0.9,0.9,0.85,0.925,0.95,0.8,0.75,0.9,0.875,0.875,0.95,0.9,0.825,0.9,0.925,0.825,0.925,0.925,0.95,0.85,0.9,0.875,0.875,0.875,0.875
dcorrx_maxlag-10,0.875,0.875,0.925,0.9,0.875,0.9,0.85,0.775,0.9,0.95,0.875,0.875,0.95,0.775,0.825,0.9,0.95,0.825,0.875,0.95,0.925,0.95,0.75,0.85,0.9,0.95,0.775,0.85,0.95,0.95
dtw,0.875,0.8,0.85,0.825,0.875,0.8,0.875,0.725,0.75,0.85,0.8,0.8,0.9,0.85,0.775,0.85,0.825,0.775,0.725,0.825,0.85,0.8,0.675,0.875,0.85,0.85,0.85,0.775,0.85,0.85
dtw_constraint-itakura,0.775,0.7,0.725,0.725,0.775,0.825,0.8,0.7,0.85,0.8,0.725,0.8,0.825,0.9,0.8,0.775,0.775,0.775,0.75,0.775,0.875,0.85,0.65,0.775,0.825,0.825,0.875,0.725,0.85,0.875
dtw_constraint-sakoe-chiba,0.85,0.875,0.875,0.825,0.875,0.8,0.9,0.8,0.9,0.925,0.775,0.8,0.9,0.825,0.775,0.9,0.975,0.875,0.85,0.95,0.775,0.85,0.7,0.875,0.875,0.925,0.875,0.875,0.875,0.85
softdtw,0.75,0.725,0.8,0.775,0.825,0.75,0.775,0.675,0.725,0.875,0.75,0.725,0.75,0.8,0.775,0.775,0.8,0.675,0.775,0.75,0.775,0.75,0.8,0.75,0.725,0.75,0.7,0.775,0.7,0.725
softdtw_constraint-itakura,0.75,0.725,0.8,0.775,0.825,0.75,0.775,0.675,0.725,0.875,0.75,0.725,0.75,0.8,0.775,0.775,0.8,0.675,0.775,0.75,0.775,0.75,0.8,0.75,0.725,0.75,0.7,0.775,0.7,0.725
softdtw_constraint-sakoe-chiba,0.75,0.725,0.8,0.775,0.825,0.75,0.775,0.675,0.725,0.875,0.75,0.725,0.75,0.8,0.775,0.775,0.8,0.675,0.775,0.75,0.775,0.75,0.8,0.75,0.725,0.75,0.7,0.775,0.7,0.725
lcss,0.85,0.725,0.825,0.875,0.875,0.825,0.8,0.85,0.725,0.85,0.8,0.875,0.825,0.725,0.85,0.9,0.85,0.8,0.7,0.9,0.85,0.8,0.75,0.875,0.825,0.925,0.8,0.75,0.875,0.8
lcss_constraint-itakura,0.325,0.475,0.275,0.475,0.35,0.35,0.375,0.375,0.4,0.325,0.35,0.4,0.4,0.425,0.375,0.325,0.325,0.45,0.325,0.4,0.4,0.425,0.225,0.3,0.35,0.375,0.3,0.35,0.5,0.475
lcss_constraint-sakoe-chiba,0.925,0.925,0.9,0.9,0.9,0.85,0.875,0.875,0.9,0.9,0.875,0.875,0.9,0.85,0.925,0.975,0.8,0.925,0.925,0.85,0.9,0.95,0.775,0.8,0.875,0.95,0.975,0.875,0.95,0.875
bary_euclidean_max,0.775,0.65,0.675,0.6,0.7,0.775,0.75,0.65,0.75,0.775,0.625,0.7,0.8,0.625,0.625,0.6,0.75,0.6,0.775,0.8,0.6,0.725,0.725,0.7,0.7,0.85,0.65,0.6,0.825,0.7
bary_dtw_mean,0.5,0.525,0.525,0.5,0.575,0.525,0.35,0.475,0.575,0.5,0.45,0.4,0.4,0.525,0.425,0.525,0.4,0.325,0.55,0.425,0.475,0.5,0.4,0.45,0.425,0.425,0.5,0.45,0.55,0.45
bary_dtw_max,0.55,0.575,0.75,0.8,0.75,0.875,0.775,0.65,0.65,0.625,0.55,0.8,0.7,0.75,0.6,0.725,0.575,0.75,0.675,0.7,0.625,0.775,0.6,0.725,0.725,0.75,0.775,0.75,0.725,0.675
bary_sgddtw_mean,0.575,0.55,0.675,0.55,0.475,0.6,0.6,0.475,0.475,0.475,0.425,0.575,0.35,0.6,0.525,0.55,0.425,0.35,0.475,0.4,0.525,0.475,0.35,0.4,0.575,0.5,0.425,0.4,0.525,0.575
bary_sgddtw_max,0.8,0.625,0.65,0.575,0.7,0.75,0.725,0.5,0.8,0.65,0.575,0.725,0.775,0.6,0.6,0.55,0.75,0.725,0.7,0.7,0.475,0.75,0.575,0.675,0.675,0.7,0.6,0.675,0.775,0.75
bary_softdtw_mean,0.575,0.55,0.575,0.55,0.425,0.475,0.375,0.575,0.5,0.375,0.55,0.5,0.625,0.625,0.45,0.6,0.625,0.55,0.525,0.45,0.525,0.475,0.475,0.55,0.425,0.65,0.475,0.55,0.525,0.65
bary_softdtw_max,0.675,0.65,0.725,0.775,0.725,0.8,0.775,0.65,0.85,0.7,0.7,0.775,0.775,0.75,0.775,0.8,0.55,0.775,0.725,0.775,0.65,0.775,0.625,0.725,0.75,0.8,0.725,0.7,0.7,0.675
phase_multitaper_mean_fs-1_fmin-0_fmax-0-5,0.625,0.6,0.775,0.6,0.775,0.675,0.625,0.65,0.7,0.5,0.575,0.65,0.8,0.7,0.625,0.725,0.65,0.7,0.775,0.625,0.7,0.6,0.55,0.75,0.675,0.625,0.675,0.625,0.7,0.675
phase_multitaper_mean_fs-1_fmin-0_fmax-0-25,0.775,0.675,0.575,0.7,0.7,0.7,0.625,0.75,0.8,0.85,0.775,0.725,0.775,0.775,0.675,0.75,0.775,0.675,0.8,0.725,0.7,0.8,0.8,0.775,0.725,0.75,0.775,0.75,0.775,0.7
phase_multitaper_mean_fs-1_fmin-0-25_fmax-0-5,0.65,0.375,0.575,0.65,0.625,0.575,0.6,0.575,0.425,0.45,0.45,0.575,0.725,0.5,0.625,0.475,0.45,0.65,0.575,0.525,0.65,0.625,0.55,0.55,0.675,0.675,0.6,0.575,0.575,0.6
phase_multitaper_max_fs-1_fmin-0_fmax-0-5,0.475,0.425,0.45,0.4,0.425,0.525,0.4,0.55,0.425,0.425,0.4,0.525,0.375,0.45,0.3,0.375,0.55,0.3,0.425,0.35,0.425,0.5,0.5,0.375,0.425,0.475,0.575,0.425,0.425,0.4
phase_multitaper_max_fs-1_fmin-0_fmax-0-25,0.4,0.425,0.375,0.425,0.375,0.4,0.45,0.375,0.4,0.45,0.275,0.4,0.375,0.475,0.4,0.725,0.475,0.4,0.3,0.475,0.475,0.55,0.6,0.475,0.425,0.475,0.625,0.425,0.45,0.425
phase_multitaper_max_fs-1_fmin-0-25_fmax-0-5,0.65,0.525,0.675,0.525,0.6,0.525,0.5,0.425,0.65,0.6,0.575,0.425,0.55,0.7,0.5,0.525,0.6,0.475,0.55,0.65,0.475,0.65,0.7,0.475,0.425,0.475,0.35,0.4,0.6,0.55
cohmag_multitaper_mean_fs-1_fmin-0_fmax-0-5,0.725,0.6,0.7,0.775,0.725,0.675,0.6,0.675,0.725,0.675,0.6,0.75,0.65,0.625,0.775,0.75,0.675,0.7,0.725,0.725,0.775,0.725,0.825,0.65,0.675,0.825,0.75,0.6,0.625,0.725
cohmag_multitaper_mean_fs-1_fmin-0_fmax-0-25,0.775,0.625,0.8,0.875,0.825,0.75,0.85,0.675,0.9,0.85,0.775,0.825,0.725,0.725,0.875,0.825,0.875,0.8,0.85,0.85,0.775,0.8,0.825,0.85,0.9,0.925,0.825,0.775,0.775,0.675
cohmag_multitaper_mean_fs-1_fmin-0-25_fmax-0-5,0.5,0.5,0.425,0.5,0.475,0.525,0.55,0.525,0.6,0.5,0.625,0.5,0.525,0.375,0.525,0.5,0.625,0.575,0.525,0.5,0.55,0.525,0.475,0.55,0.675,0.525,0.45,0.475,0.475,0.575
cohmag_multitaper_max_fs-1_fmin-0_fmax-0-5,0.625,0.575,0.725,0.7,0.725,0.7,0.7,0.725,0.675,0.85,0.675,0.65,0.65,0.6,0.725,0.75,0.8,0.8,0.75,0.7,0.675,0.825,0.7,0.675,0.75,0.65,0.7,0.75,0.6,0.65
cohmag_multitaper_max_fs-1_fmin-0_fmax-0-25,0.6,0.6,0.7,0.575,0.725,0.7,0.775,0.7,0.75,0.8,0.625,0.65,0.75,0.675,0.775,0.75,0.75,0.725,0.8,0.85,0.7,0.75,0.65,0.65,0.775,0.7,0.65,0.8,0.7,0.75
cohmag_multitaper_max_fs-1_fmin-0-25_fmax-0-5,0.55,0.475,0.55,0.6,0.525,0.575,0.525,0.45,0.525,0.5,0.425,0.625,0.525,0.425,0.525,0.55,0.575,0.6,0.475,0.5,0.5,0.475,0.5,0.475,0.5,0.5,0.475,0.525,0.525,0.6
icoh_multitaper_mean_fs-1_fmin-0_fmax-0-5,0.725,0.65,0.7,0.675,0.725,0.5,0.65,0.8,0.65,0.775,0.725,0.675,0.725,0.625,0.6,0.575,0.75,0.525,0.625,0.7,0.625,0.625,0.65,0.65,0.6,0.675,0.575,0.65,0.725,0.675
icoh_multitaper_mean_fs-1_fmin-0_fmax-0-25,0.65,0.675,0.55,0.6,0.7,0.525,0.65,0.65,0.75,0.7,0.525,0.625,0.575,0.5,0.65,0.65,0.675,0.6,0.6,0.6,0.575,0.775,0.65,0.575,0.55,0.675,0.55,0.5,0.6,0.65
icoh_multitaper_mean_fs-1_fmin-0-25_fmax-0-5,0.45,0.525,0.45,0.3,0.4,0.45,0.475,0.375,0.25,0.55,0.425,0.6,0.5,0.425,0.525,0.5,0.375,0.475,0.475,0.525,0.35,0.425,0.425,0.425,0.575,0.35,0.475,0.475,0.575,0.4
icoh_multitaper_max_fs-1_fmin-0_fmax-0-5,0.725,0.7,0.75,0.625,0.8,0.65,0.75,0.725,0.7,0.8,0.725,0.7,0.775,0.675,0.7,0.775,0.675,0.8,0.725,0.75,0.625,0.75,0.75,0.65,0.75,0.725,0.75,0.725,0.725,0.75
icoh_multitaper_max_fs-1_fmin-0_fmax-0-25,0.75,0.725,0.75,0.775,0.7,0.525,0.675,0.8,0.75,0.7,0.625,0.775,0.65,0.775,0.8,0.675,0.625,0.7,0.85,0.775,0.675,0.8,0.675,0.5,0.65,0.675,0.75,0.8,0.75,0.725
icoh_multitaper_max_fs-1_fmin-0-25_fmax-0-5,0.6,0.475,0.5,0.425,0.65,0.6,0.55,0.55,0.6,0.65,0.525,0.575,0.65,0.575,0.5,0.625,0.575,0.475,0.625,0.55,0.475,0.625,0.525,0.625,0.5,0.5,0.35,0.575,0.6,0.625
psi_multitaper_mean_fs-1_fmin-0_fmax-0-5,0.525,0.425,0.6,0.5,0.6,0.625,0.65,0.6,0.55,0.575,0.575,0.625,0.6,0.5,0.525,0.65,0.65,0.7,0.625,0.55,0.525,0.475,0.6,0.575,0.6,0.575,0.65,0.65,0.525,0.6
psi_multitaper_mean_fs-1_fmin-0_fmax-0-25,0.725,0.6,0.5,0.6,0.625,0.475,0.675,0.6,0.725,0.65,0.7,0.575,0.65,0.625,0.65,0.65,0.575,0.625,0.725,0.675,0.575,0.6,0.475,0.65,0.725,0.6,0.575,0.625,0.65,0.625
psi_multitaper_mean_fs-1_fmin-0-25_fmax-0-5,0.225,0.325,0.25,0.375,0.3,0.325,0.375,0.275,0.375,0.2,0.2,0.4,0.35,0.35,0.45,0.2,0.275,0.45,0.325,0.4,0.325,0.4,0.4,0.4,0.3,0.375,0.275,0.4,0.375,0.35
plv_multitaper_mean_fs-1_fmin-0_fmax-0-5,0.9,0.75,0.85,0.85,0.9,0.9,0.875,0.775,0.9,0.925,0.875,0.85,0.9,0.85,0.85,0.85,0.85,0.875,0.85,0.9,0.825,0.9,0.8,0.875,0.8,0.875,0.9,0.8,0.85,0.8
plv_multitaper_mean_fs-1_fmin-0_fmax-0-25,0.775,0.8,0.75,0.85,0.85,0.925,0.9,0.8,0.9,0.9,0.725,0.85,0.875,0.825,0.85,0.875,0.875,0.85,0.875,0.925,0.8,0.925,0.85,0.875,0.85,0.875,0.875,0.875,0.95,0.825
plv_multitaper_mean_fs-1_fmin-0-25_fmax-0-5,0.6,0.525,0.675,0.7,0.725,0.6,0.875,0.675,0.775,0.675,0.7,0.65,0.75,0.6,0.75,0.9,0.675,0.7,0.675,0.8,0.775,0.7,0.7,0.675,0.725,0.825,0.775,0.725,0.65,0.75
plv_multitaper_max_fs-1_fmin-0_fmax-0-5,0.7,0.725,0.7,0.675,0.675,0.675,0.7,0.625,0.7,0.75,0.65,0.625,0.625,0.625,0.6,0.625,0.675,0.65,0.7,0.675,0.65,0.775,0.475,0.725,0.625,0.6,0.775,0.6,0.675,0.725
plv_multitaper_max_fs-1_fmin-0_fmax-0-25,0.725,0.725,0.6,0.625,0.625,0.775,0.675,0.675,0.65,0.775,0.7,0.675,0.675,0.65,0.575,0.525,0.8,0.75,0.75,0.8,0.7,0.75,0.65,0.625,0.675,0.75,0.775,0.75,0.65,0.725
plv_multitaper_max_fs-1_fmin-0-25_fmax-0-5,0.65,0.5,0.6,0.575,0.575,0.525,0.55,0.65,0.725,0.625,0.65,0.65,0.6,0.525,0.625,0.65,0.65,0.6,0.6,0.625,0.55,0.675,0.575,0.65,0.675,0.625,0.7,0.475,0.525,0.55
pli_multitaper_mean_fs-1_fmin-0_fmax-0-5,0.725,0.65,0.8,0.75,0.8,0.75,0.725,0.7,0.725,0.85,0.8,0.625,0.875,0.75,0.7,0.8,0.8,0.8,0.825,0.75,0.725,0.7,0.75,0.7,0.65,0.775,0.825,0.8,0.75,0.7
pli_multitaper_mean_fs-1_fmin-0_fmax-0-25,0.675,0.65,0.775,0.725,0.7,0.6,0.675,0.625,0.725,0.85,0.7,0.8,0.75,0.75,0.675,0.85,0.725,0.7,0.775,0.675,0.65,0.725,0.525,0.7,0.725,0.65,0.675,0.75,0.775,0.625
pli_multitaper_mean_fs-1_fmin-0-25_fmax-0-5,0.5,0.4,0.7,0.625,0.45,0.475,0.625,0.55,0.575,0.525,0.55,0.55,0.475,0.6,0.6,0.675,0.45,0.6,0.625,0.6,0.525,0.5,0.6,0.675,0.675,0.55,0.6,0.475,0.65,0.725
pli_multitaper_max_fs-1_fmin-0_fmax-0-5,0.425,0.5,0.625,0.575,0.625,0.6,0.675,0.525,0.475,0.6,0.6,0.475,0.575,0.55,0.4,0.525,0.5,0.425,0.525,0.625,0.45,0.625,0.475,0.55,0.575,0.55,0.6,0.525,0.55,0.525
pli_multitaper_max_fs-1_fmin-0_fmax-0-25,0.825,0.8,0.75,0.725,0.725,0.75,0.675,0.7,0.85,0.7,0.8,0.8,0.75,0.75,0.75,0.75,0.725,0.65,0.775,0.8,0.65,0.75,0.65,0.725,0.65,0.7,0.75,0.65,0.725,0.6
pli_multitaper_max_fs-1_fmin-0-25_fmax-0-5,0.475,0.5,0.475,0.45,0.425,0.45,0.5,0.6,0.5,0.325,0.475,0.475,0.675,0.375,0.425,0.475,0.35,0.45,0.65,0.55,0.55,0.5,0.55,0.475,0.5,0.525,0.575,0.425,0.575,0.575
wpli_multitaper_mean_fs-1_fmin-0_fmax-0-5,0.7,0.6,0.85,0.775,0.825,0.75,0.7,0.75,0.75,0.8,0.65,0.75,0.825,0.7,0.6,0.775,0.775,0.7,0.775,0.725,0.6,0.75,0.65,0.7,0.525,0.675,0.75,0.75,0.725,0.775
wpli_multitaper_mean_fs-1_fmin-0_fmax-0-25,0.65,0.675,0.675,0.75,0.675,0.675,0.625,0.625,0.775,0.875,0.7,0.7,0.8,0.675,0.65,0.775,0.775,0.6,0.7,0.725,0.725,0.7,0.675,0.75,0.625,0.65,0.7,0.7,0.7,0.7
wpli_multitaper_mean_fs-1_fmin-0-25_fmax-0-5,0.5,0.45,0.65,0.575,0.475,0.525,0.6,0.65,0.55,0.55,0.575,0.625,0.65,0.625,0.6,0.575,0.45,0.475,0.625,0.65,0.6,0.55,0.65,0.625,0.675,0.625,0.625,0.5,0.65,0.65
wpli_multitaper_max_fs-1_fmin-0_fmax-0-5,0.65,0.575,0.6,0.475,0.5,0.4,0.575,0.275,0.6,0.35,0.55,0.475,0.525,0.45,0.6,0.45,0.45,0.45,0.525,0.575,0.55,0.55,0.425,0.5,0.5,0.55,0.425,0.475,0.4,0.525
wpli_multitaper_max_fs-1_fmin-0_fmax-0-25,0.6,0.675,0.65,0.65,0.625,0.525,0.625,0.575,0.675,0.55,0.575,0.7,0.7,0.525,0.625,0.725,0.675,0.55,0.675,0.6,0.675,0.75,0.625,0.5,0.675,0.725,0.5,0.575,0.675,0.65
wpli_multitaper_max_fs-1_fmin-0-25_fmax-0-5,0.575,0.6,0.525,0.525,0.45,0.55,0.5,0.575,0.5,0.375,0.475,0.625,0.525,0.45,0.625,0.45,0.325,0.375,0.55,0.625,0.6,0.5,0.525,0.55,0.6,0.55,0.55,0.5,0.55,0.6
dspli_multitaper_mean_fs-1_fmin-0_fmax-0-5,0.625,0.525,0.475,0.575,0.625,0.475,0.625,0.625,0.6,0.675,0.425,0.6,0.5,0.525,0.55,0.7,0.425,0.625,0.65,0.6,0.575,0.625,0.475,0.575,0.675,0.625,0.5,0.525,0.55,0.625
dspli_multitaper_mean_fs-1_fmin-0_fmax-0-25,0.625,0.575,0.55,0.55,0.675,0.5,0.7,0.65,0.675,0.7,0.6,0.575,0.575,0.6,0.575,0.55,0.775,0.65,0.65,0.55,0.65,0.675,0.525,0.625,0.6,0.675,0.6,0.575,0.625,0.55
dspli_multitaper_mean_fs-1_fmin-0-25_fmax-0-5,0.4,0.325,0.375,0.3,0.35,0.35,0.35,0.4,0.4,0.4,0.425,0.4,0.375,0.3,0.375,0.425,0.35,0.3,0.45,0.475,0.325,0.3,0.35,0.35,0.4,0.325,0.4,0.475,0.325,0.275
dspli_multitaper_max_fs-1_fmin-0_fmax-0-5,0.375,0.25,0.275,0.25,0.225,0.3,0.325,0.3,0.275,0.275,0.175,0.25,0.35,0.275,0.3,0.3,0.275,0.2,0.325,0.2,0.275,0.225,0.25,0.25,0.3,0.225,0.225,0.3,0.3,0.3
dspli_multitaper_max_fs-1_fmin-0_fmax-0-25,0.375,0.35,0.45,0.225,0.35,0.35,0.425,0.375,0.45,0.4,0.275,0.325,0.25,0.4,0.4,0.35,0.375,0.4,0.325,0.2,0.4,0.3,0.375,0.35,0.475,0.325,0.325,0.425,0.325,0.375
dspli_multitaper_max_fs-1_fmin-0-25_fmax-0-5,0.2,0.25,0.375,0.3,0.275,0.3,0.275,0.325,0.175,0.225,0.2,0.25,0.25,0.2,0.25,0.25,0.175,0.25,0.3,0.275,0.35,0.3,0.225,0.35,0.225,0.175,0.3,0.275,0.375,0.35
dswpli_multitaper_mean_fs-1_fmin-0_fmax-0-5,0.525,0.525,0.6,0.625,0.7,0.375,0.65,0.625,0.6,0.65,0.65,0.7,0.6,0.45,0.55,0.675,0.55,0.6,0.65,0.6,0.6,0.625,0.6,0.6,0.575,0.625,0.575,0.525,0.475,0.55
dswpli_multitaper_mean_fs-1_fmin-0_fmax-0-25,0.625,0.625,0.625,0.625,0.625,0.375,0.5,0.6,0.675,0.7,0.625,0.6,0.625,0.55,0.55,0.65,0.725,0.675,0.725,0.6,0.65,0.55,0.6,0.575,0.675,0.65,0.525,0.65,0.675,0.625
dswpli_multitaper_mean_fs-1_fmin-0-25_fmax-0-5,0.4,0.4,0.275,0.325,0.425,0.325,0.5,0.4,0.3,0.325,0.275,0.525,0.45,0.325,0.5,0.525,0.3,0.35,0.325,0.475,0.425,0.425,0.325,0.375,0.35,0.4,0.35,0.425,0.4,0.325
dswpli_multitaper_max_fs-1_fmin-0_fmax-0-5,0.325,0.25,0.3,0.25,0.175,0.3,0.325,0.3,0.275,0.25,0.175,0.225,0.3,0.225,0.25,0.275,0.175,0.2,0.3,0.25,0.225,0.275,0.2,0.2,0.3,0.2,0.225,0.25,0.275,0.3
dswpli_multitaper_max_fs-1_fmin-0_fmax-0-25,0.45,0.3,0.35,0.275,0.3,0.3,0.375,0.425,0.375,0.425,0.275,0.3,0.3,0.425,0.35,0.3,0.3,0.375,0.375,0.25,0.35,0.375,0.25,0.325,0.475,0.3,0.225,0.3,0.375,0.35
dswpli_multitaper_max_fs-1_fmin-0-25_fmax-0-5,0.275,0.325,0.375,0.4,0.25,0.275,0.35,0.3,0.25,0.1,0.225,0.275,0.3,0.35,0.325,0.225,0.275,0.275,0.3,0.4,0.325,0.3,0.25,0.475,0.3,0.2,0.375,0.25,0.225,0.35
ppc_multitaper_mean_fs-1_fmin-0_fmax-0-5,0.725,0.575,0.575,0.65,0.625,0.65,0.625,0.575,0.775,0.5,0.55,0.65,0.6,0.7,0.7,0.7,0.8,0.7,0.775,0.5,0.65,0.675,0.6,0.675,0.725,0.7,0.675,0.525,0.55,0.725
ppc_multitaper_mean_fs-1_fmin-0_fmax-0-25,0.725,0.6,0.75,0.725,0.7,0.675,0.8,0.625,0.775,0.8,0.775,0.775,0.675,0.675,0.825,0.825,0.85,0.75,0.8,0.85,0.75,0.85,0.6,0.725,0.75,0.875,0.7,0.775,0.6,0.725
ppc_multitaper_mean_fs-1_fmin-0-25_fmax-0-5,0.425,0.6,0.45,0.375,0.3,0.5,0.325,0.4,0.325,0.275,0.475,0.425,0.375,0.475,0.375,0.45,0.575,0.4,0.475,0.525,0.525,0.55,0.35,0.5,0.575,0.55,0.475,0.425,0.575,0.6
ppc_multitaper_max_fs-1_fmin-0_fmax-0-5,0.325,0.525,0.525,0.55,0.45,0.425,0.5,0.4,0.55,0.625,0.5,0.625,0.6,0.4,0.45,0.65,0.525,0.475,0.55,0.475,0.6,0.65,0.525,0.625,0.575,0.4,0.6,0.6,0.525,0.575
ppc_multitaper_max_fs-1_fmin-0_fmax-0-25,0.45,0.55,0.525,0.575,0.425,0.6,0.55,0.425,0.575,0.7,0.575,0.675,0.625,0.5,0.525,0.7,0.6,0.55,0.5,0.575,0.55,0.7,0.55,0.65,0.575,0.4,0.525,0.7,0.625,0.6
ppc_multitaper_max_fs-1_fmin-0-25_fmax-0-5,0.45,0.425,0.4,0.575,0.45,0.425,0.325,0.475,0.35,0.35,0.3,0.5,0.5,0.325,0.375,0.4,0.375,0.475,0.475,0.3,0.425,0.375,0.375,0.45,0.4,0.3,0.4,0.4,0.375,0.35
dtf_multitaper_mean_fs-1_fmin-0_fmax-0-5,0.825,0.75,0.875,0.7,0.9,0.85,0.775,0.75,0.8,0.85,0.75,0.675,0.75,0.75,0.85,0.9,0.875,0.825,0.8,0.825,0.85,0.825,0.725,0.775,0.8,0.9,0.85,0.775,0.8,0.8
dtf_multitaper_mean_fs-1_fmin-0_fmax-0-25,0.8,0.75,0.8,0.775,0.85,0.8,0.75,0.775,0.8,0.875,0.7,0.725,0.725,0.775,0.85,0.95,0.825,0.825,0.775,0.85,0.75,0.825,0.675,0.85,0.825,0.9,0.9,0.725,0.8,0.75
dtf_multitaper_mean_fs-1_fmin-0-25_fmax-0-5,0.825,0.725,0.775,0.725,0.825,0.825,0.85,0.725,0.75,0.8,0.8,0.7,0.775,0.725,0.8,0.75,0.8,0.8,0.675,0.65,0.85,0.8,0.75,0.65,0.725,0.8,0.7,0.675,0.725,0.8
dtf_multitaper_max_fs-1_fmin-0_fmax-0-5,0.675,0.725,0.675,0.725,0.75,0.75,0.8,0.725,0.725,0.825,0.725,0.65,0.75,0.8,0.775,0.875,0.775,0.825,0.825,0.725,0.725,0.825,0.725,0.8,0.75,0.775,0.85,0.7,0.75,0.775
dtf_multitaper_max_fs-1_fmin-0_fmax-0-25,0.725,0.775,0.775,0.725,0.775,0.725,0.8,0.65,0.65,0.8,0.825,0.675,0.7,0.7,0.75,0.8,0.825,0.775,0.8,0.75,0.775,0.775,0.725,0.875,0.75,0.7,0.75,0.675,0.725,0.75
dtf_multitaper_max_fs-1_fmin-0-25_fmax-0-5,0.725,0.7,0.75,0.75,0.775,0.775,0.65,0.75,0.75,0.825,0.75,0.7,0.75,0.725,0.825,0.8,0.75,0.675,0.725,0.8,0.9,0.875,0.775,0.7,0.725,0.8,0.75,0.65,0.75,0.75
dcoh_multitaper_mean_fs-1_fmin-0_fmax-0-5,0.8,0.775,0.775,0.8,0.85,0.875,0.775,0.85,0.825,0.9,0.8,0.725,0.825,0.875,0.8,0.925,0.85,0.775,0.825,0.85,0.825,0.85,0.675,0.825,0.825,0.9,0.8,0.8,0.8,0.775
dcoh_multitaper_mean_fs-1_fmin-0_fmax-0-25,0.825,0.8,0.8,0.8,0.85,0.8,0.775,0.9,0.8,0.9,0.8,0.8,0.875,0.875,0.75,0.925,0.875,0.7,0.85,0.85,0.85,0.85,0.725,0.8,0.85,0.9,0.85,0.825,0.875,0.875
dcoh_multitaper_mean_fs-1_fmin-0-25_fmax-0-5,0.775,0.75,0.75,0.775,0.775,0.775,0.775,0.775,0.775,0.8,0.825,0.7,0.825,0.725,0.875,0.775,0.8,0.825,0.775,0.75,0.825,0.775,0.725,0.825,0.775,0.8,0.8,0.775,0.8,0.8
dcoh_multitaper_max_fs-1_fmin-0_fmax-0-5,0.8,0.825,0.875,0.85,0.875,0.825,0.8,0.75,0.85,0.9,0.825,0.725,0.85,0.85,0.85,0.925,0.825,0.725,0.85,0.925,0.9,0.925,0.675,0.825,0.85,0.875,0.775,0.775,0.875,0.925
dcoh_multitaper_max_fs-1_fmin-0_fmax-0-25,0.8,0.85,0.875,0.85,0.9,0.825,0.8,0.75,0.85,0.9,0.825,0.775,0.875,0.85,0.825,0.925,0.825,0.7,0.85,0.925,0.9,0.925,0.675,0.825,0.875,0.875,0.775,0.8,0.875,0.925
dcoh_multitaper_max_fs-1_fmin-0-25_fmax-0-5,0.65,0.675,0.75,0.725,0.75,0.85,0.775,0.725,0.75,0.825,0.775,0.675,0.75,0.7,0.85,0.8,0.85,0.75,0.7,0.75,0.8,0.75,0.75,0.75,0.825,0.8,0.775,0.8,0.7,0.85
pdcoh_multitaper_mean_fs-1_fmin-0_fmax-0-5,0.825,0.75,0.875,0.7,0.9,0.85,0.775,0.75,0.8,0.85,0.75,0.675,0.75,0.75,0.85,0.9,0.875,0.825,0.8,0.825,0.85,0.825,0.725,0.775,0.8,0.9,0.85,0.775,0.8,0.8
pdcoh_multitaper_mean_fs-1_fmin-0_fmax-0-25,0.8,0.75,0.8,0.775,0.85,0.8,0.75,0.775,0.8,0.875,0.7,0.725,0.725,0.775,0.85,0.95,0.825,0.825,0.775,0.85,0.75,0.825,0.675,0.85,0.825,0.9,0.9,0.725,0.8,0.75
pdcoh_multitaper_mean_fs-1_fmin-0-25_fmax-0-5,0.825,0.725,0.775,0.725,0.825,0.825,0.85,0.725,0.75,0.8,0.8,0.7,0.775,0.725,0.8,0.75,0.8,0.8,0.675,0.65,0.85,0.8,0.75,0.65,0.725,0.8,0.7,0.675,0.725,0.8
pdcoh_multitaper_max_fs-1_fmin-0_fmax-0-5,0.675,0.725,0.675,0.725,0.75,0.75,0.8,0.725,0.725,0.825,0.725,0.65,0.75,0.8,0.775,0.875,0.775,0.825,0.825,0.725,0.725,0.825,0.725,0.8,0.75,0.775,0.85,0.7,0.75,0.775
pdcoh_multitaper_max_fs-1_fmin-0_fmax-0-25,0.725,0.775,0.775,0.725,0.775,0.725,0.8,0.65,0.65,0.8,0.825,0.675,0.7,0.7,0.75,0.8,0.825,0.775,0.8,0.75,0.775,0.775,0.725,0.875,0.75,0.7,0.75,0.675,0.725,0.75
pdcoh_multitaper_max_fs-1_fmin-0-25_fmax-0-5,0.725,0.7,0.75,0.75,0.775,0.775,0.65,0.75,0.75,0.825,0.75,0.7,0.75,0.725,0.825,0.8,0.75,0.675,0.725,0.8,0.9,0.875,0.775,0.7,0.725,0.8,0.75,0.65,0.75,0.75
gpdcoh_multitaper_mean_fs-1_fmin-0_fmax-0-5,0.65,0.675,0.725,0.725,0.75,0.75,0.75,0.625,0.825,0.75,0.7,0.65,0.675,0.625,0.8,0.775,0.775,0.675,0.725,0.725,0.8,0.725,0.625,0.775,0.7,0.9,0.8,0.7,0.7,0.7
gpdcoh_multitaper_mean_fs-1_fmin-0_fmax-0-25,0.8,0.7,0.8,0.8,0.825,0.75,0.725,0.725,0.875,0.8,0.7,0.55,0.725,0.675,0.85,0.9,0.85,0.8,0.725,0.825,0.75,0.8,0.675,0.8,0.85,0.8,0.775,0.625,0.8,0.775
gpdcoh_multitaper_mean_fs-1_fmin-0-25_fmax-0-5,0.5,0.6,0.55,0.375,0.475,0.55,0.475,0.5,0.45,0.575,0.575,0.55,0.525,0.625,0.625,0.5,0.675,0.45,0.3,0.5,0.6,0.55,0.425,0.55,0.575,0.475,0.375,0.45,0.55,0.5
gpdcoh_multitaper_max_fs-1_fmin-0_fmax-0-5,0.65,0.725,0.65,0.7,0.65,0.55,0.55,0.675,0.775,0.825,0.65,0.625,0.75,0.55,0.7,0.725,0.75,0.725,0.7,0.7,0.675,0.7,0.625,0.8,0.7,0.725,0.775,0.625,0.625,0.675
gpdcoh_multitaper_max_fs-1_fmin-0_fmax-0-25,0.75,0.725,0.625,0.725,0.675,0.675,0.625,0.675,0.8,0.775,0.7,0.525,0.725,0.65,0.725,0.75,0.675,0.775,0.7,0.675,0.6,0.7,0.625,0.75,0.675,0.775,0.725,0.625,0.725,0.65
gpdcoh_multitaper_max_fs-1_fmin-0-25_fmax-0-5,0.425,0.425,0.525,0.45,0.45,0.525,0.475,0.475,0.425,0.575,0.475,0.525,0.475,0.425,0.475,0.525,0.5,0.375,0.35,0.45,0.425,0.45,0.475,0.5,0.425,0.375,0.55,0.55,0.475,0.45
ddtf_multitaper_mean_fs-1_fmin-0_fmax-0-5,0.825,0.8,0.825,0.75,0.875,0.875,0.8,0.825,0.825,0.875,0.775,0.7,0.775,0.8,0.85,0.9,0.875,0.8,0.8,0.85,0.825,0.825,0.675,0.825,0.85,0.975,0.825,0.75,0.85,0.8
ddtf_multitaper_mean_fs-1_fmin-0_fmax-0-25,0.8,0.8,0.85,0.85,0.85,0.8,0.8,0.825,0.825,0.9,0.775,0.75,0.775,0.85,0.825,0.925,0.825,0.775,0.85,0.85,0.85,0.8,0.7,0.925,0.85,0.875,0.825,0.825,0.875,0.8
ddtf_multitaper_mean_fs-1_fmin-0-25_fmax-0-5,0.85,0.9,0.775,0.8,0.825,0.85,0.85,0.875,0.825,0.875,0.925,0.775,0.875,0.8,0.825,0.9,0.825,0.825,0.875,0.825,0.875,0.85,0.75,0.775,0.85,0.9,0.825,0.725,0.85,0.875
ddtf_multitaper_max_fs-1_fmin-0_fmax-0-5,0.85,0.825,0.925,0.825,0.875,0.75,0.925,0.775,0.85,0.925,0.825,0.775,0.825,0.8,0.8,0.925,0.9,0.75,0.85,0.95,0.875,0.875,0.675,0.875,0.825,0.9,0.775,0.825,0.85,0.875
ddtf_multitaper_max_fs-1_fmin-0_fmax-0-25,0.825,0.825,0.925,0.825,0.875,0.775,0.925,0.725,0.875,0.925,0.825,0.8,0.825,0.8,0.8,0.9,0.9,0.775,0.85,0.95,0.875,0.9,0.7,0.875,0.825,0.9,0.775,0.825,0.85,0.9
ddtf_multitaper_max_fs-1_fmin-0-25_fmax-0-5,0.8,0.825,0.8,0.75,0.8,0.875,0.75,0.85,0.85,0.875,0.825,0.8,0.8,0.75,0.85,0.875,0.825,0.775,0.85,0.8,0.9,0.875,0.725,0.825,0.75,0.7,0.9,0.9,0.825,0.8
gd_multitaper_delay_fs-1_fmin-0_fmax-0-5,,,,,,,,,,,,,,,,,,,,,,,,,,,,,,
gd_multitaper_delay_fs-1_fmin-0_fmax-0-25,,,,,,,,,,,,,,,,,,,,,,,,,,,,,,
gd_multitaper_delay_fs-1_fmin-0-25_fmax-0-5,,,,,,,,,,,,,,,,,,,,,,,,,,,,,,
sgc_nonparametric_mean_fs-1_fmin-0_fmax-0-5,,,,,,,,,,,,,,,,,,,,,,,,,,,,,,
sgc_nonparametric_mean_fs-1_fmin-0_fmax-0-25,,,,,,,,,,,,,,,,,,,,,,,,,,,,,,
sgc_nonparametric_mean_fs-1_fmin-0-25_fmax-0-5,,,,,,,,,,,,,,,,,,,,,,,,,,,,,,
sgc_nonparametric_max_fs-1_fmin-0_fmax-0-5,,,,,,,,,,,,,,,,,,,,,,,,,,,,,,
sgc_nonparametric_max_fs-1_fmin-0_fmax-0-25,,,,,,,,,,,,,,,,,,,,,,,,,,,,,,
sgc_nonparametric_max_fs-1_fmin-0-25_fmax-0-5,,,,,,,,,,,,,,,,,,,,,,,,,,,,,,
sgc_parametric_mean_fs-1_fmin-0_fmax-0-5_order-None,,,,,,,,,,,,,,,,,,,,,,,,,,,,,,
sgc_parametric_mean_fs-1_fmin-0_fmax-0-25_order-None,,,,,,,,,,,,,,,,,,,,,,,,,,,,,,
sgc_parametric_mean_fs-1_fmin-0-25_fmax-0-5_order-None,,,,,,,,,,,,,,,,,,,,,,,,,,,,,,
sgc_parametric_mean_fs-1_fmin-0_fmax-0-5_order-1,0.8,0.775,0.825,0.85,0.9,0.85,0.775,0.775,0.825,0.8,0.825,0.75,0.9,0.9,0.825,0.875,0.675,0.725,0.8,0.8,0.85,0.85,0.8,0.75,0.825,0.8,0.825,0.85,0.825,0.875
sgc_parametric_mean_fs-1_fmin-0_fmax-0-25_order-1,0.825,0.75,0.825,0.875,0.9,0.85,0.75,0.8,0.875,0.7,0.825,0.7,0.925,0.875,0.825,0.875,0.725,0.7,0.8,0.85,0.825,0.825,0.825,0.8,0.825,0.825,0.875,0.85,0.8,0.9
sgc_parametric_mean_fs-1_fmin-0-25_fmax-0-5_order-1,0.8,0.725,0.8,0.8,0.825,0.725,0.725,0.775,0.825,0.725,0.75,0.85,0.75,0.75,0.9,0.825,0.75,0.7,0.8,0.725,0.75,0.85,0.775,0.7,0.775,0.8,0.85,0.9,0.9,0.85
sgc_parametric_mean_fs-1_fmin-0_fmax-0-5_order-20,,,,,,,,,,,,,,,,,,,,,,,,,,,,,,
sgc_parametric_mean_fs-1_fmin-0_fmax-0-25_order-20,,,,,,,,,,,,,,,,,,,,,,,,,,,,,,
sgc_parametric_mean_fs-1_fmin-0-25_fmax-0-5_order-20,,,,,,,,,,,,,,,,,,,,,,,,,,,,,,
sgc_parametric_max_fs-1_fmin-0_fmax-0-5_order-None,,,,,,,,,,,,,,,,,,,,,,,,,,,,,,
sgc_parametric_max_fs-1_fmin-0_fmax-0-25_order-None,,,,,,,,,,,,,,,,,,,,,,,,,,,,,,
sgc_parametric_max_fs-1_fmin-0-25_fmax-0-5_order-None,,,,,,,,,,,,,,,,,,,,,,,,,,,,,,
sgc_parametric_max_fs-1_fmin-0_fmax-0-5_order-1,0.75,0.85,0.9,0.925,0.9,0.825,0.925,0.825,0.925,0.9,0.8,0.825,0.875,0.85,0.875,0.9,0.875,0.9,0.975,0.85,0.85,0.925,0.775,0.925,0.8,0.9,0.925,0.85,0.85,0.875
sgc_parametric_max_fs-1_fmin-0_fmax-0-25_order-1,0.75,0.825,0.9,0.9,0.925,0.85,0.925,0.825,0.925,0.875,0.8,0.725,0.9,0.85,0.875,0.9,0.875,0.775,0.95,0.85,0.85,0.875,0.775,0.925,0.875,0.9,0.925,0.875,0.85,0.875
sgc_parametric_max_fs-1_fmin-0-25_fmax-0-5_order-1,0.8,0.725,0.825,0.775,0.875,0.725,0.675,0.8,0.775,0.725,0.75,0.85,0.775,0.725,0.9,0.875,0.775,0.675,0.825,0.7,0.775,0.85,0.725,0.725,0.825,0.825,0.825,0.9,0.875,0.85
sgc_parametric_max_fs-1_fmin-0_fmax-0-5_order-20,,,,,,,,,,,,,,,,,,,,,,,,,,,,,,
sgc_parametric_max_fs-1_fmin-0_fmax-0-25_order-20,,,,,,,,,,,,,,,,,,,,,,,,,,,,,,
sgc_parametric_max_fs-1_fmin-0-25_fmax-0-5_order-20,,,,,,,,,,,,,,,,,,,,,,,,,,,,,,
pec,0.8,0.8,0.85,0.8,0.85,0.8,0.8,0.8,0.825,0.9,0.625,0.825,0.8,0.8,0.7,0.75,0.8,0.825,0.825,0.775,0.7,0.8,0.75,0.775,0.775,0.875,0.725,0.775,0.8,0.825
pec_orth,0.85,0.7,0.775,0.8,0.825,0.725,0.825,0.825,0.8,0.675,0.8,0.7,0.85,0.725,0.775,0.7,0.725,0.775,0.85,0.725,0.7,0.675,0.65,0.7,0.775,0.775,0.625,0.65,0.8,0.8
pec_log,0.8,0.825,0.825,0.825,0.825,0.825,0.825,0.85,0.9,0.9,0.675,0.75,0.85,0.825,0.85,0.775,0.825,0.85,0.8,0.825,0.725,0.775,0.75,0.8,0.75,0.9,0.75,0.875,0.85,0.875
pec_orth_log,0.8,0.9,0.775,0.775,0.875,0.65,0.8,0.725,0.825,0.725,0.8,0.625,0.825,0.75,0.85,0.85,0.75,0.75,0.875,0.8,0.8,0.625,0.8,0.8,0.75,0.75,0.7,0.8,0.875,0.9
pec_orth_abs,0.65,0.675,0.575,0.725,0.725,0.7,0.75,0.525,0.675,0.65,0.65,0.775,0.7,0.7,0.65,0.65,0.65,0.7,0.75,0.6,0.7,0.5,0.575,0.675,0.7,0.725,0.575,0.575,0.7,0.65
pec_orth_log_abs,0.625,0.7,0.65,0.725,0.65,0.575,0.675,0.625,0.6,0.675,0.575,0.575,0.55,0.7,0.775,0.65,0.625,0.55,0.725,0.675,0.725,0.55,0.65,0.675,0.575,0.5,0.6,0.775,0.8,0.625
psi_wavelet_mean_fs-1_fmin-0_fmax-0-5_mean,0.4,0.4,0.375,0.375,0.375,0.475,0.35,0.275,0.425,0.225,0.275,0.475,0.45,0.225,0.3,0.225,0.225,0.35,0.4,0.35,0.4,0.375,0.175,0.3,0.3,0.35,0.275,0.3,0.325,0.375
psi_wavelet_mean_fs-1_fmin-0_fmax-0-25_mean,0.45,0.425,0.45,0.475,0.35,0.375,0.4,0.4,0.425,0.525,0.525,0.5,0.425,0.45,0.525,0.5,0.475,0.425,0.425,0.425,0.475,0.5,0.4,0.4,0.4,0.35,0.325,0.5,0.425,0.4
psi_wavelet_mean_fs-1_fmin-0-25_fmax-0-5_mean,0.35,0.3,0.3,0.25,0.275,0.35,0.3,0.275,0.3,0.175,0.2,0.375,0.25,0.25,0.3,0.35,0.275,0.35,0.225,0.3,0.425,0.25,0.25,0.325,0.3,0.25,0.225,0.4,0.3,0.325
psi_wavelet_max_fs-1_fmin-0_fmax-0-5_max,0.2,0.275,0.275,0.2,0.225,0.325,0.15,0.3,0.4,0.275,0.3,0.225,0.25,0.375,0.3,0.275,0.225,0.2,0.25,0.275,0.275,0.325,0.2,0.325,0.175,0.225,0.225,0.35,0.2,0.35
psi_wavelet_max_fs-1_fmin-0_fmax-0-25_max,0.375,0.375,0.475,0.425,0.225,0.275,0.325,0.425,0.45,0.55,0.3,0.35,0.4,0.45,0.45,0.45,0.475,0.425,0.55,0.45,0.525,0.35,0.375,0.45,0.375,0.375,0.35,0.475,0.4,0.425
psi_wavelet_max_fs-1_fmin-0-25_fmax-0-5_max,0.225,0.175,0.325,0.375,0.225,0.25,0.175,0.25,0.25,0.225,0.325,0.2,0.275,0.225,0.2,0.225,0.35,0.175,0.2,0.2,0.25,0.225,0.225,0.275,0.175,0.125,0.275,0.375,0.325,0.225
